Filename, Fuzzy Messages, Total Messages, Fuzzy Words, Total Words, Achievement
aesh.adoc.po, 154, 172, 2537, 2682, 6%
cyclonedx.adoc.po, 96, 147, 2162, 2669, 19%
signals.adoc.po, 94, 104, 1478, 1537, 4%
agent-mcp.adoc.po, 97, 106, 1389, 1405, 2%
extension-writing-dev-service.adoc.po, 56, 72, 1181, 1276, 8%
jar-tree-shaking.adoc.po, 55, 58, 1104, 1109, 1%
kafka.adoc.po, 37, 631, 701, 11938, 95%
hibernate-orm.adoc.po, 27, 448, 692, 7942, 92%
security-openid-connect-client.adoc.po, 35, 125, 690, 1727, 61%
performance-measure.adoc.po, 44, 121, 648, 1677, 62%
stork-manual-service-registration.adoc.po, 46, 66, 628, 744, 16%
modularity.adoc.po, 21, 22, 611, 624, 3%
modularity-reference.adoc.po, 34, 35, 609, 622, 3%
kafka-getting-started.adoc.po, 26, 76, 587, 1174, 50%
http-reference.adoc.po, 36, 342, 576, 3919, 86%
tls-registry-reference.adoc.po, 46, 394, 567, 6499, 92%
hibernate-reactive.adoc.po, 33, 138, 547, 2173, 75%
security-oidc-code-flow-authentication.adoc.po, 15, 484, 541, 10477, 95%
getting-started.adoc.po, 25, 71, 530, 1098, 52%
_includes/smallrye-kafka-incoming.adoc.po, 33, 141, 511, 1667, 70%
quarkus-data-hibernate.adoc.po, 46, 220, 460, 2667, 83%
transaction.adoc.po, 22, 117, 431, 2656, 84%
dev-ui.adoc.po, 35, 520, 397, 6285, 94%
opentelemetry.adoc.po, 39, 189, 384, 1969, 81%
hibernate-reactive-panache.adoc.po, 12, 171, 372, 3337, 89%
writing-extensions.adoc.po, 23, 663, 366, 12880, 98%
security-openid-connect-client-reference.adoc.po, 14, 239, 345, 4140, 92%
spring-tx.adoc.po, 40, 71, 329, 575, 43%
spring-test.adoc.po, 45, 51, 328, 348, 6%
info.adoc.po, 33, 39, 307, 351, 13%
management-interface-reference.adoc.po, 14, 94, 297, 1542, 81%
logging.adoc.po, 14, 360, 287, 3638, 93%
dev-mcp.adoc.po, 12, 46, 283, 867, 68%
deploying-to-openshift-docker-howto.adoc.po, 12, 30, 279, 420, 34%
jlink.adoc.po, 14, 19, 271, 317, 15%
observability-devservices-lgtm.adoc.po, 12, 69, 237, 1004, 77%
opentelemetry-tracing.adoc.po, 22, 179, 227, 2149, 90%
rest.adoc.po, 9, 523, 197, 8373, 98%
getting-started-testing.adoc.po, 4, 251, 196, 5336, 97%
security-basic-authentication-howto.adoc.po, 9, 27, 179, 306, 42%
security-oidc-expanded-configuration.adoc.po, 7, 757, 165, 12457, 99%
smallrye-graphql.adoc.po, 18, 196, 161, 2530, 94%
_includes/smallrye-kafka-outgoing.adoc.po, 13, 103, 159, 1103, 86%
redis-reference.adoc.po, 9, 253, 139, 4260, 97%
rest-client.adoc.po, 7, 352, 135, 6227, 98%
databases-dev-services.adoc.po, 7, 90, 134, 1567, 92%
qute-reference.adoc.po, 8, 891, 131, 13633, 100%
mongodb.adoc.po, 10, 143, 125, 2328, 95%
security-authorize-web-endpoints-reference.adoc.po, 3, 237, 123, 4189, 98%
aws-lambda.adoc.po, 8, 146, 121, 2907, 96%
kafka-streams.adoc.po, 2, 132, 119, 2559, 96%
deploying-to-openshift-native-howto.adoc.po, 4, 31, 114, 388, 71%
update-quarkus.adoc.po, 5, 24, 113, 321, 65%
kafka-dev-services.adoc.po, 6, 36, 104, 577, 82%
hibernate-orm-panache.adoc.po, 4, 162, 103, 3009, 97%
extension-maturity-matrix.adoc.po, 3, 67, 102, 1441, 93%
rest-json.adoc.po, 4, 101, 101, 1638, 94%
doc-contribute-docs-howto.adoc.po, 4, 142, 97, 2035, 96%
maven-tooling.adoc.po, 5, 292, 91, 5901, 99%
telemetry-micrometer.adoc.po, 2, 269, 76, 3239, 98%
security-architecture.adoc.po, 2, 35, 75, 552, 87%
scheduler-reference.adoc.po, 5, 145, 74, 2535, 98%
spring-data-jpa.adoc.po, 6, 96, 71, 1254, 95%
hibernate-panache-next.adoc.po, 5, 180, 66, 2367, 98%
spring-data-rest.adoc.po, 5, 112, 66, 1141, 95%
security-openid-connect-providers.adoc.po, 1, 161, 63, 3168, 99%
dev-services.adoc.po, 2, 64, 57, 1242, 96%
mailer-reference.adoc.po, 1, 116, 56, 1791, 97%
elasticsearch.adoc.po, 2, 84, 55, 1285, 96%
opentelemetry-metrics.adoc.po, 3, 177, 53, 1742, 97%
gradle-tooling.adoc.po, 2, 213, 52, 3896, 99%
smallrye-fault-tolerance.adoc.po, 2, 120, 45, 2225, 98%
security-openid-connect-client-registration.adoc.po, 2, 58, 44, 1003, 96%
cdi-reference.adoc.po, 1, 308, 43, 5987, 100%
getting-started-reactive.adoc.po, 2, 76, 43, 1832, 98%
testing-components.adoc.po, 2, 82, 41, 1556, 98%
aot.adoc.po, 3, 78, 38, 849, 96%
security-webauthn.adoc.po, 1, 140, 38, 2923, 99%
jfr.adoc.po, 1, 107, 36, 1824, 99%
grpc-service-consumption.adoc.po, 1, 69, 34, 975, 97%
quartz.adoc.po, 2, 90, 34, 1121, 97%
deploying-to-openshift-s2i-howto.adoc.po, 4, 36, 33, 400, 92%
building-my-first-extension.adoc.po, 1, 175, 30, 3259, 100%
pulsar.adoc.po, 1, 240, 29, 4266, 100%
opentelemetry-logging.adoc.po, 2, 50, 26, 613, 96%
software-transactional-memory.adoc.po, 1, 45, 25, 1958, 99%
security-oidc-bearer-token-authentication.adoc.po, 1, 247, 23, 5093, 100%
extension-codestart.adoc.po, 1, 145, 19, 1865, 99%
dev-mode-differences.adoc.po, 1, 47, 18, 766, 98%
kafka-schema-registry-avro.adoc.po, 1, 84, 17, 1547, 99%
assistant.adoc.po, 1, 103, 15, 1111, 99%
kafka-schema-registry-json-schema.adoc.po, 1, 65, 14, 1181, 99%
spring-boot-properties.adoc.po, 2, 55, 11, 646, 99%
spring-cache.adoc.po, 2, 50, 11, 651, 99%
spring-cloud-config-client.adoc.po, 2, 40, 11, 444, 98%
spring-di.adoc.po, 2, 85, 11, 1082, 99%
spring-scheduled.adoc.po, 2, 59, 11, 719, 99%
spring-security.adoc.po, 2, 109, 11, 1247, 100%
spring-web.adoc.po, 2, 127, 11, 1197, 100%
scripting.adoc.po, 1, 75, 10, 1099, 100%
podman.adoc.po, 1, 25, 9, 876, 99%
security-openid-connect-dev-services.adoc.po, 3, 132, 9, 3304, 100%
security-customization.adoc.po, 1, 88, 7, 1619, 100%
class-loading-reference.adoc.po, 1, 65, 5, 1469, 100%
README.adoc.po, 0, 21, 0, 195, 100%
_attributes.adoc.po, 0, 3, 0, 11, 100%
_includes/apicurio-registry-v3-migration.adoc.po, 0, 38, 0, 514, 100%
_includes/compile-quarkus-quickly.adoc.po, 0, 1, 0, 25, 100%
_includes/devtools/build-native-container-parameters.adoc.po, 0, 6, 0, 18, 100%
_includes/devtools/build-native-container.adoc.po, 0, 3, 0, 3, 100%
_includes/devtools/build-native.adoc.po, 0, 3, 0, 3, 100%
_includes/devtools/build.adoc.po, 0, 3, 0, 3, 100%
_includes/devtools/create-app.adoc.po, 0, 8, 0, 70, 100%
_includes/devtools/create-cli.adoc.po, 0, 5, 0, 41, 100%
_includes/devtools/dev-parameters.adoc.po, 0, 2, 0, 2, 100%
_includes/devtools/dev.adoc.po, 0, 3, 0, 3, 100%
_includes/devtools/extension-add.adoc.po, 0, 3, 0, 3, 100%
_includes/devtools/extension-list.adoc.po, 0, 2, 0, 2, 100%
_includes/devtools/maven-opts.adoc.po, 0, 4, 0, 8, 100%
_includes/devtools/run.adoc.po, 0, 3, 0, 3, 100%
_includes/devtools/test.adoc.po, 0, 2, 0, 2, 100%
_includes/duration-format-note.adoc.po, 0, 7, 0, 98, 100%
_includes/extension-status.adoc.po, 0, 5, 0, 115, 100%
_includes/json-provider-note.adoc.po, 0, 3, 0, 64, 100%
_includes/opentelemetry-config.adoc.po, 0, 13, 0, 224, 100%
_includes/platform-include.adoc.po, 0, 1, 0, 15, 100%
_includes/prerequisites.adoc.po, 0, 11, 0, 81, 100%
_includes/quarkus-blaze-persistence.adoc.po, 0, 16, 0, 582, 100%
_includes/smallrye-pulsar-client.adoc.po, 0, 146, 0, 601, 100%
_includes/smallrye-pulsar-consumer.adoc.po, 0, 118, 0, 973, 100%
_includes/smallrye-pulsar-incoming.adoc.po, 0, 51, 0, 351, 100%
_includes/smallrye-pulsar-outgoing.adoc.po, 0, 31, 0, 233, 100%
_includes/smallrye-pulsar-producer.adoc.po, 0, 82, 0, 426, 100%
all-builditems.adoc.po, 0, 3, 0, 31, 100%
all-config.adoc.po, 0, 2, 0, 32, 100%
amqp-dev-services.adoc.po, 0, 21, 0, 335, 100%
amqp-reference.adoc.po, 0, 229, 0, 2871, 100%
amqp.adoc.po, 0, 69, 0, 1088, 100%
ansible.adoc.po, 0, 30, 0, 858, 100%
apicurio-registry-dev-services.adoc.po, 0, 22, 0, 394, 100%
appcds.adoc.po, 0, 33, 0, 865, 100%
aws-lambda-http.adoc.po, 0, 112, 0, 2118, 100%
aws-lambda-snapstart.adoc.po, 0, 37, 0, 505, 100%
azure-functions-http.adoc.po, 0, 45, 0, 724, 100%
azure-functions.adoc.po, 0, 43, 0, 667, 100%
blaze-persistence.adoc.po, 0, 41, 0, 497, 100%
build-analytics.adoc.po, 0, 48, 0, 501, 100%
building-native-image.adoc.po, 0, 244, 0, 4416, 100%
cache-infinispan-reference.adoc.po, 0, 41, 0, 654, 100%
cache-redis-reference.adoc.po, 0, 32, 0, 496, 100%
cache.adoc.po, 0, 172, 0, 3277, 100%
camel.adoc.po, 0, 3, 0, 54, 100%
capabilities.adoc.po, 0, 43, 0, 701, 100%
cassandra.adoc.po, 0, 165, 0, 3308, 100%
cdi-integration.adoc.po, 0, 189, 0, 3102, 100%
cdi.adoc.po, 0, 132, 0, 2313, 100%
centralized-log-management.adoc.po, 0, 65, 0, 1064, 100%
cli-tooling.adoc.po, 0, 178, 0, 2259, 100%
command-mode-reference.adoc.po, 0, 70, 0, 1146, 100%
compose-dev-services.adoc.po, 0, 175, 0, 2165, 100%
conditional-extension-dependencies.adoc.po, 0, 45, 0, 1008, 100%
config-extending-support.adoc.po, 0, 65, 0, 905, 100%
config-mappings.adoc.po, 0, 62, 0, 865, 100%
config-reference.adoc.po, 0, 254, 0, 4272, 100%
config-secrets.adoc.po, 0, 32, 0, 538, 100%
config-yaml.adoc.po, 0, 33, 0, 535, 100%
config.adoc.po, 0, 75, 0, 806, 100%
container-image.adoc.po, 0, 90, 0, 1717, 100%
context-propagation.adoc.po, 0, 73, 0, 978, 100%
continuous-testing.adoc.po, 0, 63, 0, 1231, 100%
credentials-provider.adoc.po, 0, 51, 0, 836, 100%
datasource.adoc.po, 0, 341, 0, 3988, 100%
deploying-to-azure-cloud.adoc.po, 0, 49, 0, 725, 100%
deploying-to-google-cloud.adoc.po, 0, 89, 0, 1442, 100%
deploying-to-heroku.adoc.po, 0, 71, 0, 1081, 100%
deploying-to-kubernetes.adoc.po, 0, 342, 0, 5908, 100%
deploying-to-openshift-S2I-howto.adoc.po, 0, 42, 0, 553, 100%
deploying-to-openshift-howto.adoc.po, 0, 32, 0, 467, 100%
deploying-to-openshift.adoc.po, 0, 140, 0, 1879, 100%
doc-concept.adoc.po, 0, 41, 0, 605, 100%
doc-create-tutorial.adoc.po, 0, 96, 0, 1300, 100%
doc-reference.adoc.po, 0, 293, 0, 2304, 100%
drools.adoc.po, 0, 68, 0, 1539, 100%
duplicated-context.adoc.po, 0, 74, 0, 1540, 100%
elasticsearch-dev-services.adoc.po, 0, 40, 0, 696, 100%
extension-faq.adoc.po, 0, 40, 0, 889, 100%
extension-metadata.adoc.po, 0, 81, 0, 1570, 100%
extension-registry-user.adoc.po, 0, 96, 0, 1598, 100%
flyway.adoc.po, 0, 59, 0, 979, 100%
funqy-aws-lambda-http.adoc.po, 0, 15, 0, 305, 100%
funqy-aws-lambda.adoc.po, 0, 78, 0, 1343, 100%
funqy-azure-functions-http.adoc.po, 0, 5, 0, 148, 100%
funqy-gcp-functions-http.adoc.po, 0, 15, 0, 310, 100%
funqy-gcp-functions.adoc.po, 0, 78, 0, 1258, 100%
funqy-http.adoc.po, 0, 40, 0, 739, 100%
funqy-knative-events.adoc.po, 0, 68, 0, 1512, 100%
funqy.adoc.po, 0, 22, 0, 720, 100%
gcp-functions-http.adoc.po, 0, 47, 0, 610, 100%
gcp-functions.adoc.po, 0, 92, 0, 1567, 100%
getting-started-dev-services.adoc.po, 0, 86, 0, 1284, 100%
grpc-cli.adoc.po, 0, 9, 0, 40, 100%
grpc-generation-reference.adoc.po, 0, 107, 0, 1250, 100%
grpc-getting-started.adoc.po, 0, 56, 0, 816, 100%
grpc-kubernetes.adoc.po, 0, 17, 0, 303, 100%
grpc-reference.adoc.po, 0, 58, 0, 859, 100%
grpc-service-implementation.adoc.po, 0, 112, 0, 1588, 100%
grpc-virtual-threads.adoc.po, 0, 16, 0, 326, 100%
grpc-xds.adoc.po, 0, 20, 0, 200, 100%
grpc.adoc.po, 0, 19, 0, 151, 100%
guides.md.po, 0, 3, 0, 5, 100%
hibernate-orm-panache-kotlin.adoc.po, 0, 30, 0, 689, 100%
hibernate-search-orm-elasticsearch.adoc.po, 0, 289, 0, 4612, 100%
hibernate-search-standalone-elasticsearch.adoc.po, 0, 248, 0, 3903, 100%
ide-tooling.adoc.po, 0, 49, 0, 217, 100%
infinispan-client-reference.adoc.po, 0, 202, 0, 3132, 100%
infinispan-client.adoc.po, 0, 71, 0, 900, 100%
infinispan-dev-services.adoc.po, 0, 52, 0, 854, 100%
init-tasks.adoc.po, 0, 37, 0, 618, 100%
jms.adoc.po, 0, 55, 0, 754, 100%
jreleaser.adoc.po, 0, 64, 0, 1981, 100%
kafka-dev-ui.adoc.po, 0, 8, 0, 88, 100%
kotlin.adoc.po, 0, 94, 0, 1468, 100%
kubernetes-client.adoc.po, 0, 67, 0, 1440, 100%
kubernetes-config.adoc.po, 0, 43, 0, 813, 100%
kubernetes-dev-services.adoc.po, 0, 34, 0, 793, 100%
lifecycle.adoc.po, 0, 73, 0, 1209, 100%
liquibase-mongodb.adoc.po, 0, 41, 0, 582, 100%
liquibase.adoc.po, 0, 44, 0, 566, 100%
load-shedding-reference.adoc.po, 0, 64, 0, 1134, 100%
lra-dev-services.adoc.po, 0, 20, 0, 423, 100%
lra.adoc.po, 0, 22, 0, 942, 100%
mailer.adoc.po, 0, 61, 0, 730, 100%
messaging-virtual-threads.adoc.po, 0, 44, 0, 736, 100%
messaging.adoc.po, 0, 205, 0, 3650, 100%
mongodb-dev-services.adoc.po, 0, 12, 0, 267, 100%
mongodb-panache-kotlin.adoc.po, 0, 24, 0, 594, 100%
mongodb-panache.adoc.po, 0, 200, 0, 3855, 100%
mutiny-primer.adoc.po, 0, 125, 0, 1922, 100%
native-and-ssl.adoc.po, 0, 96, 0, 1339, 100%
native-reference.adoc.po, 0, 350, 0, 10269, 100%
observability-devservices.adoc.po, 0, 11, 0, 275, 100%
observability.adoc.po, 0, 57, 0, 630, 100%
openapi-swaggerui.adoc.po, 0, 168, 0, 2480, 100%
picocli.adoc.po, 0, 60, 0, 955, 100%
platform.adoc.po, 0, 62, 0, 1478, 100%
proxy-registry.adoc.po, 0, 54, 0, 614, 100%
pulsar-dev-services.adoc.po, 0, 23, 0, 319, 100%
pulsar-getting-started.adoc.po, 0, 76, 0, 1221, 100%
quarkus-maven-plugin.adoc.po, 0, 27, 0, 224, 100%
quarkus-reactive-architecture.adoc.po, 0, 66, 0, 1660, 100%
quarkus-runtime-base-image.adoc.po, 0, 16, 0, 266, 100%
qute.adoc.po, 0, 97, 0, 1389, 100%
rabbitmq-dev-services.adoc.po, 0, 34, 0, 538, 100%
rabbitmq-reference.adoc.po, 0, 254, 0, 2474, 100%
rabbitmq.adoc.po, 0, 79, 0, 1115, 100%
reactive-event-bus.adoc.po, 0, 73, 0, 974, 100%
reactive-routes.adoc.po, 0, 165, 0, 2223, 100%
reactive-sql-clients.adoc.po, 0, 171, 0, 1883, 100%
reaugmentation.adoc.po, 0, 21, 0, 688, 100%
redis-dev-services.adoc.po, 0, 12, 0, 289, 100%
redis.adoc.po, 0, 79, 0, 858, 100%
rest-data-panache.adoc.po, 0, 117, 0, 1687, 100%
rest-migration.adoc.po, 0, 97, 0, 1192, 100%
rest-virtual-threads.adoc.po, 0, 58, 0, 888, 100%
resteasy-client-multipart.adoc.po, 0, 61, 0, 986, 100%
resteasy-client.adoc.po, 0, 100, 0, 1728, 100%
resteasy.adoc.po, 0, 155, 0, 2757, 100%
scheduler.adoc.po, 0, 44, 0, 494, 100%
security-authentication-mechanisms.adoc.po, 0, 278, 0, 4220, 100%
security-basic-authentication.adoc.po, 0, 36, 0, 528, 100%
security-cors.adoc.po, 0, 33, 0, 581, 100%
security-csrf-prevention.adoc.po, 0, 53, 0, 960, 100%
security-getting-started-tutorial.adoc.po, 0, 126, 0, 1698, 100%
security-identity-providers.adoc.po, 0, 13, 0, 187, 100%
security-jdbc.adoc.po, 0, 48, 0, 748, 100%
security-jpa.adoc.po, 0, 38, 0, 707, 100%
security-jwt-build.adoc.po, 0, 138, 0, 1677, 100%
security-jwt.adoc.po, 0, 345, 0, 4441, 100%
security-keycloak-admin-client.adoc.po, 0, 43, 0, 575, 100%
security-keycloak-authorization.adoc.po, 0, 187, 0, 2413, 100%
security-ldap.adoc.po, 0, 51, 0, 797, 100%
security-oauth2.adoc.po, 0, 79, 0, 1204, 100%
security-oidc-auth0-tutorial.adoc.po, 0, 199, 0, 5157, 100%
security-oidc-bearer-token-authentication-tutorial.adoc.po, 0, 97, 0, 1267, 100%
security-oidc-code-flow-authentication-tutorial.adoc.po, 0, 74, 0, 1037, 100%
security-oidc-configuration-properties-reference.adoc.po, 0, 14, 0, 132, 100%
security-openid-connect-multitenancy.adoc.po, 0, 205, 0, 3536, 100%
security-overview.adoc.po, 0, 48, 0, 691, 100%
security-proactive-authentication.adoc.po, 0, 24, 0, 699, 100%
security-properties.adoc.po, 0, 42, 0, 542, 100%
security-testing.adoc.po, 0, 42, 0, 697, 100%
security-vertx-oidc-to-quarkus-oidc-migration.adoc.po, 0, 132, 0, 3088, 100%
security-vulnerability-detection.adoc.po, 0, 19, 0, 252, 100%
smallrye-graphql-client.adoc.po, 0, 62, 0, 1445, 100%
smallrye-health.adoc.po, 0, 98, 0, 1767, 100%
smallrye-metrics.adoc.po, 0, 56, 0, 794, 100%
stork-kubernetes.adoc.po, 0, 77, 0, 1284, 100%
stork-reference.adoc.po, 0, 34, 0, 416, 100%
stork-registration.adoc.po, 0, 45, 0, 472, 100%
stork.adoc.po, 0, 69, 0, 981, 100%
telemetry-examples.yaml.po, 0, 2, 0, 2, 100%
telemetry-micrometer-to-opentelemetry.adoc.po, 0, 106, 0, 907, 100%
telemetry-micrometer-tutorial.adoc.po, 0, 66, 0, 957, 100%
telemetry-opentracing-to-otel-tutorial.adoc.po, 0, 118, 0, 1284, 100%
tests-with-coverage.adoc.po, 0, 59, 0, 991, 100%
tooling.adoc.po, 0, 18, 0, 151, 100%
upx.adoc.po, 0, 33, 0, 413, 100%
validation.adoc.po, 0, 120, 0, 2124, 100%
vertx-reference.adoc.po, 0, 258, 0, 3298, 100%
vertx.adoc.po, 0, 102, 0, 1514, 100%
virtual-threads.adoc.po, 0, 157, 0, 3249, 100%
web-dependency-locator.adoc.po, 0, 26, 0, 317, 100%
web.adoc.po, 0, 74, 0, 1341, 100%
websockets-next-reference.adoc.po, 0, 328, 0, 6213, 100%
websockets-next-tutorial.adoc.po, 0, 49, 0, 639, 100%
websockets.adoc.po, 0, 43, 0, 511, 100%
writing-native-applications-tips.adoc.po, 0, 109, 0, 2402, 100%
